Timestamp,Level,Component,Operation,Message,Duration(ms),CPU_Usage(%),Memory_Usage(MB),FileSize,ThreadID
"2025-02-10 13:23:14","INFO","Client","Constructor","Client initialized.",0.00,0.00,4.88,-1.00,1
"2025-02-10 13:23:14","ERROR","Main","Client Constructor","Directory C:\Users\lawee\OneDrive\Documents\GitHub\client\Programs does not exist. Please run the init command first.",0.00,0.00,6.89,-1.00,1
"2025-02-10 13:28:57","INFO","Client","Constructor","Client initialized.",0.00,0.00,5.32,-1.00,1
"2025-02-10 13:28:57","ERROR","Main","Client Constructor","Directory C:\Users\lawee\OneDrive\Documents\GitHub\client\Programs does not exist. Please run the init command first.",0.00,0.00,7.33,-1.00,1
"2025-02-10 13:28:59","INFO","Client","Constructor","Client initialized.",0.00,0.00,4.88,-1.00,1
"2025-02-10 13:28:59","ERROR","Main","Client Constructor","Directory C:\Users\lawee\OneDrive\Documents\GitHub\client\Programs does not exist. Please run the init command first.",0.00,0.00,6.45,-1.00,1
"2025-02-10 13:29:04","INFO","Client","Constructor","Client initialized.",0.00,0.00,4.88,-1.00,1
"2025-02-10 13:29:04","ERROR","Main","Client Constructor","Directory C:\Users\lawee\OneDrive\Documents\GitHub\client\Programs does not exist. Please run the init command first.",0.00,0.00,6.45,-1.00,1
"2025-02-10 13:30:10","INFO","Client","Constructor","Client initialized.",0.00,0.00,4.88,-1.00,1
"2025-02-10 13:30:10","ERROR","Main","Client Constructor","Directory C:\Users\lawee\OneDrive\Documents\GitHub\client\Programs does not exist. Please run the init command first.",0.00,0.00,7.32,-1.00,1
"2025-02-10 13:34:12","NETWORK","Main","runServer","Server starting on port 12353",0.00,0.00,4.88,-1.00,1
"2025-02-10 13:34:12","ERROR","Main","runServer","Directory C:\Users\lawee\OneDrive\Documents\GitHub\server\Programs does not exist. Please run the init command first.",0.00,0.00,6.00,-1.00,1
"2025-02-10 13:35:08","NETWORK","Main","runServer","Server starting on port 12353",0.00,85.01,4.44,-1.00,1
"2025-02-10 13:35:08","ERROR","Main","runServer","Directory C:\Users\lawee\OneDrive\Documents\GitHub\server\Programs does not exist. Please run the init command first.",0.00,85.01,6.44,-1.00,1
"2025-02-10 13:36:06","INFO","Client","Constructor","Client initialized.",0.00,0.00,5.32,-1.00,1
"2025-02-10 13:36:06","ERROR","Main","Client Constructor","Directory C:\Users\lawee\OneDrive\Documents\GitHub\client\Programs does not exist. Please run the init command first.",0.00,0.00,6.45,-1.00,1
"2025-02-10 13:43:52","INFO","Client","Constructor","Client initialized.",0.00,0.00,4.88,-1.00,1
"2025-02-10 13:43:52","ERROR","Main","Client Constructor","Directory C:\Users\lawee\OneDrive\Documents\GitHub\client\Programs does not exist. Please run the init command first.",0.00,0.00,6.44,-1.00,1
"2025-02-10 13:48:50","INFO","Client","Constructor","Client initialized.",0.00,0.00,4.88,-1.00,1
"2025-02-10 13:48:50","ERROR","Main","Client Constructor","Directory C:\Users\lawee\OneDrive\Documents\GitHub\client\Programs does not exist. Please run the init command first.",0.00,0.00,6.88,-1.00,1
"2025-02-10 13:56:07","INFO","Client","Constructor","Client initialized.",0.00,0.00,5.32,-1.00,1
"2025-02-10 13:56:07","ERROR","Main","Client Constructor","Directory C:\Users\lawee\OneDrive\Documents\GitHub\client\Programs does not exist. Please run the init command first.",0.00,0.00,6.45,-1.00,1
"2025-02-12 00:19:21","NETWORK","Main","runServer","Server starting on port 12353",0.00,0.00,3.84,-1.00,1
"2025-02-12 00:19:21","ERROR","Main","runServer","Directory /mnt/c/Users/Lawee/OneDrive/Documents/GitHub/server/Programs does not exist. Please run the init command first.",0.00,20.83,4.94,-1.00,1
"2025-02-12 00:20:13","NETWORK","Main","runServer","Server starting on port 12353",0.00,-1.00,4.88,-1.00,1
"2025-02-12 00:20:13","ERROR","Main","runServer","Directory C:\Users\lawee\OneDrive\Documents\GitHub\server\Programs does not exist. Please run the init command first.",0.00,15.43,6.44,-1.00,1
"2025-02-12 00:20:58","NETWORK","Main","runServer","Server starting on port 12353",0.00,100.00,3.84,-1.00,1
"2025-02-12 00:20:58","INFO","Server","Startup","Listening on port 12353 with maxThreads=10",0.00,1.60,5.38,-1.00,1
"2025-02-12 00:20:58","INFO","Server","Startup","Server type is CLOUD; starting EdgeDiscovery thread...",0.00,0.00,5.38,-1.00,1
"2025-02-12 00:20:58","INFO","EdgeDiscovery","run","EdgeDiscovery thread started. Output file: /mnt/c/Users/Lawee/OneDrive/Documents/GitHub/ComFaaS_WIP/server/Output/edge_servers.txt",0.00,10.71,5.84,-1.00,2
"2025-02-12 00:20:58","INFO","EdgeDiscovery","discoverEdges","Mock discovering 2 Edge servers...",0.00,0.00,5.84,-1.00,2
"2025-02-12 00:20:58","SUCCESS","EdgeDiscovery","writeEdgesToFile","Wrote 2 Edge IP(s) to /mnt/c/Users/Lawee/OneDrive/Documents/GitHub/ComFaaS_WIP/server/Output/edge_servers.txt",0.00,1.45,5.92,-1.00,2
"2025-02-12 00:21:03","INFO","EdgeDiscovery","run","EdgeDiscovery thread exiting.",0.00,0.04,6.39,-1.00,2
"2025-02-12 00:31:38","NETWORK","Main","runServer","Server starting on port 12353",0.00,0.00,3.84,-1.00,1
"2025-02-12 00:31:38","INFO","Server","Startup","Listening on port 12353 with maxThreads=10",0.00,12.77,5.38,-1.00,1
"2025-02-12 00:31:38","INFO","Server","Startup","Server type is CLOUD; starting EdgeDiscovery thread...",0.00,0.00,5.38,-1.00,1
"2025-02-12 00:31:38","INFO","EdgeDiscovery","run","EdgeDiscovery thread started. Output file: /mnt/c/Users/Lawee/OneDrive/Documents/GitHub/ComFaaS_WIP/server/Output/edge_servers.txt",0.00,3.64,5.84,-1.00,2
"2025-02-12 00:31:40","INFO","EdgeDiscovery","discoverEdges","Discovered 0 Edge server(s).",0.00,0.29,5.84,-1.00,2
"2025-02-12 00:31:40","SUCCESS","EdgeDiscovery","writeEdgesToFile","Wrote 0 Edge IP(s) to /mnt/c/Users/Lawee/OneDrive/Documents/GitHub/ComFaaS_WIP/server/Output/edge_servers.txt",0.00,3.23,6.38,-1.00,2
"2025-02-12 00:31:45","INFO","EdgeDiscovery","run","EdgeDiscovery thread exiting.",0.00,0.02,6.38,-1.00,2
"2025-02-12 00:32:05","NETWORK","Main","runServer","Server starting on port 12354",0.00,-1.00,5.32,-1.00,1
"2025-02-12 00:32:05","INFO","Server","Startup","Listening on port 12354 with maxThreads=10",0.00,-1.00,6.88,-1.00,1
"2025-02-12 00:32:38","NETWORK","Main","runServer","Server starting on port 12353",0.00,0.00,3.84,-1.00,1
"2025-02-12 00:32:38","INFO","Server","Startup","Listening on port 12353 with maxThreads=10",0.00,10.00,5.38,-1.00,1
"2025-02-12 00:32:38","INFO","Server","Startup","Server type is CLOUD; starting EdgeDiscovery thread...",0.00,14.29,5.38,-1.00,1
"2025-02-12 00:32:38","INFO","EdgeDiscovery","run","EdgeDiscovery thread started. Output file: /mnt/c/Users/Lawee/OneDrive/Documents/GitHub/ComFaaS_WIP/server/Output/edge_servers.txt",0.00,0.00,5.84,-1.00,2
"2025-02-12 00:32:40","INFO","EdgeDiscovery","discoverEdges","Discovered 0 Edge server(s).",0.00,0.15,5.84,-1.00,2
"2025-02-12 00:32:40","SUCCESS","EdgeDiscovery","writeEdgesToFile","Wrote 0 Edge IP(s) to /mnt/c/Users/Lawee/OneDrive/Documents/GitHub/ComFaaS_WIP/server/Output/edge_servers.txt",0.00,9.68,6.38,-1.00,2
"2025-02-12 00:32:45","INFO","EdgeDiscovery","run","EdgeDiscovery thread exiting.",0.00,0.06,6.38,-1.00,2
"2025-02-12 00:33:41","NETWORK","Main","runServer","Server starting on port 12353",0.00,-1.00,4.88,-1.00,1
"2025-02-12 00:33:41","INFO","Server","Startup","Listening on port 12353 with maxThreads=10",0.00,-1.00,6.45,-1.00,1
"2025-02-12 00:33:41","ERROR","Server","Initialization","Error starting server: Address already in use: bind",0.00,-1.00,6.45,-1.00,1
"2025-02-12 00:33:41","INFO","Server","Shutdown","Shutting down thread pool...",0.00,-1.00,6.45,-1.00,1
"2025-02-12 00:33:41","SUCCESS","Server","Shutdown","Server has shut down gracefully.",0.00,-1.00,6.45,-1.00,1
"2025-02-12 00:42:56","NETWORK","Main","runServer","Server starting on port 12353",0.00,0.00,3.84,-1.00,1
"2025-02-12 00:42:56","INFO","Server","Startup","Listening on port 12353 with maxThreads=10",0.00,4.55,5.38,-1.00,1
"2025-02-12 00:42:56","INFO","Server","Startup","Server type is CLOUD; starting EdgeDiscovery thread...",0.00,20.00,5.38,-1.00,1
"2025-02-12 00:42:56","INFO","EdgeDiscovery","run","EdgeDiscovery thread started. Output file: /mnt/c/Users/Lawee/OneDrive/Documents/GitHub/ComFaaS_WIP/server/Output/edge_servers.txt",0.00,0.00,5.84,-1.00,2
"2025-02-12 00:42:58","INFO","EdgeDiscovery","discoverEdges","Discovered 0 Edge server(s).",0.00,0.10,5.84,-1.00,2
"2025-02-12 00:42:58","SUCCESS","EdgeDiscovery","writeEdgesToFile","Wrote 0 Edge IP(s) to /mnt/c/Users/Lawee/OneDrive/Documents/GitHub/ComFaaS_WIP/server/Output/edge_servers.txt",0.00,0.00,6.38,-1.00,2
"2025-02-12 00:43:05","NETWORK","Main","runServer","Server starting on port 12354",0.00,-1.00,4.88,-1.00,1
"2025-02-12 00:43:05","INFO","Server","Startup","Listening on port 12354 with maxThreads=10",0.00,-1.00,6.45,-1.00,1
"2025-02-12 00:43:05","INFO","Server","Startup","Server type is EDGE; starting EdgeResponder thread...",0.00,-1.00,6.45,-1.00,1
"2025-02-12 00:43:05","INFO","EdgeResponder","run","Starting EdgeResponder on 230.0.0.0:8888",0.00,-1.00,6.89,-1.00,2
"2025-02-12 00:43:05","INFO","EdgeDiscovery","discoverEdges","Discovered 0 Edge server(s).",0.00,0.03,6.38,-1.00,2
"2025-02-12 00:43:05","SUCCESS","EdgeDiscovery","writeEdgesToFile","Wrote 0 Edge IP(s) to /mnt/c/Users/Lawee/OneDrive/Documents/GitHub/ComFaaS_WIP/server/Output/edge_servers.txt",0.00,0.00,6.38,-1.00,2
"2025-02-12 00:43:15","INFO","EdgeDiscovery","discoverEdges","Discovered 0 Edge server(s).",0.00,0.10,6.86,-1.00,2
"2025-02-12 00:43:15","SUCCESS","EdgeDiscovery","writeEdgesToFile","Wrote 0 Edge IP(s) to /mnt/c/Users/Lawee/OneDrive/Documents/GitHub/ComFaaS_WIP/server/Output/edge_servers.txt",0.00,0.00,6.86,-1.00,2
"2025-02-12 00:43:22","INFO","EdgeDiscovery","discoverEdges","Discovered 0 Edge server(s).",0.00,0.04,6.86,-1.00,2
"2025-02-12 00:43:22","SUCCESS","EdgeDiscovery","writeEdgesToFile","Wrote 0 Edge IP(s) to /mnt/c/Users/Lawee/OneDrive/Documents/GitHub/ComFaaS_WIP/server/Output/edge_servers.txt",0.00,1.75,7.39,-1.00,2
"2025-02-12 00:43:29","INFO","EdgeDiscovery","discoverEdges","Discovered 0 Edge server(s).",0.00,0.14,7.39,-1.00,2
"2025-02-12 00:43:29","SUCCESS","EdgeDiscovery","writeEdgesToFile","Wrote 0 Edge IP(s) to /mnt/c/Users/Lawee/OneDrive/Documents/GitHub/ComFaaS_WIP/server/Output/edge_servers.txt",0.00,0.00,7.39,-1.00,2
"2025-02-12 00:43:36","INFO","EdgeDiscovery","discoverEdges","Discovered 0 Edge server(s).",0.00,0.06,7.87,-1.00,2
"2025-02-12 00:43:36","SUCCESS","EdgeDiscovery","writeEdgesToFile","Wrote 0 Edge IP(s) to /mnt/c/Users/Lawee/OneDrive/Documents/GitHub/ComFaaS_WIP/server/Output/edge_servers.txt",0.00,0.00,7.87,-1.00,2
"2025-02-12 00:43:45","INFO","EdgeDiscovery","discoverEdges","Discovered 0 Edge server(s).",0.00,0.03,7.87,-1.00,2
"2025-02-12 00:43:45","SUCCESS","EdgeDiscovery","writeEdgesToFile","Wrote 0 Edge IP(s) to /mnt/c/Users/Lawee/OneDrive/Documents/GitHub/ComFaaS_WIP/server/Output/edge_servers.txt",0.00,4.35,7.87,-1.00,2
"2025-02-12 00:44:48","NETWORK","Main","runServer","Server starting on port 12353",0.00,-1.00,4.88,-1.00,1
"2025-02-12 00:44:48","INFO","Server","Startup","Listening on port 12353 with maxThreads=10",0.00,-1.00,6.45,-1.00,1
"2025-02-12 00:44:48","INFO","Server","Startup","Server type is CLOUD; starting EdgeDiscovery thread...",0.00,-1.00,6.45,-1.00,1
"2025-02-12 00:44:48","INFO","EdgeDiscovery","run","EdgeDiscovery thread started. Output file: C:\Users\lawee\OneDrive\Documents\GitHub\ComFaaS_WIP\server\Output\edge_servers.txt",0.00,-1.00,6.89,-1.00,2
"2025-02-12 00:44:48","INFO","EdgeResponder","run","Received DISCOVER_EDGE; responded to /192.168.179.40",0.00,3.34,6.89,-1.00,2
"2025-02-12 00:44:50","INFO","EdgeDiscovery","discoverEdges","Discovered 0 Edge server(s).",0.00,4.27,6.89,-1.00,2
"2025-02-12 00:44:50","SUCCESS","EdgeDiscovery","writeEdgesToFile","Wrote 0 Edge IP(s) to C:\Users\lawee\OneDrive\Documents\GitHub\ComFaaS_WIP\server\Output\edge_servers.txt",0.00,4.27,6.89,-1.00,2
"2025-02-12 00:44:55","INFO","EdgeResponder","run","Received DISCOVER_EDGE; responded to /192.168.179.40",0.00,4.45,6.89,-1.00,2
"2025-02-12 00:44:57","INFO","EdgeDiscovery","discoverEdges","Discovered 0 Edge server(s).",0.00,4.68,6.89,-1.00,2
"2025-02-12 00:44:57","SUCCESS","EdgeDiscovery","writeEdgesToFile","Wrote 0 Edge IP(s) to C:\Users\lawee\OneDrive\Documents\GitHub\ComFaaS_WIP\server\Output\edge_servers.txt",0.00,4.68,6.92,-1.00,2
"2025-02-12 00:45:02","INFO","EdgeResponder","run","Received DISCOVER_EDGE; responded to /192.168.179.40",0.00,4.84,6.89,-1.00,2
"2025-02-12 00:45:04","INFO","EdgeDiscovery","discoverEdges","Discovered 0 Edge server(s).",0.00,4.53,7.38,-1.00,2
"2025-02-12 00:45:04","SUCCESS","EdgeDiscovery","writeEdgesToFile","Wrote 0 Edge IP(s) to C:\Users\lawee\OneDrive\Documents\GitHub\ComFaaS_WIP\server\Output\edge_servers.txt",0.00,4.53,7.38,-1.00,2
"2025-02-12 00:45:09","INFO","EdgeResponder","run","Received DISCOVER_EDGE; responded to /192.168.179.40",0.00,3.80,6.89,-1.00,2
"2025-02-12 00:45:11","INFO","EdgeDiscovery","discoverEdges","Discovered 0 Edge server(s).",0.00,3.83,7.38,-1.00,2
"2025-02-12 00:45:11","SUCCESS","EdgeDiscovery","writeEdgesToFile","Wrote 0 Edge IP(s) to C:\Users\lawee\OneDrive\Documents\GitHub\ComFaaS_WIP\server\Output\edge_servers.txt",0.00,3.83,7.38,-1.00,2
"2025-02-12 00:45:16","INFO","EdgeResponder","run","Received DISCOVER_EDGE; responded to /192.168.179.40",0.00,4.03,6.89,-1.00,2
"2025-02-12 00:51:18","NETWORK","Main","runServer","Server starting on port 12353",0.00,-1.00,4.44,-1.00,1
"2025-02-12 00:51:18","INFO","Server","Startup","Listening on port 12353 with maxThreads=10",0.00,-1.00,6.44,-1.00,1
"2025-02-12 00:51:18","INFO","Server","Startup","Server type is CLOUD; starting EdgeDiscovery thread...",0.00,-1.00,6.44,-1.00,1
"2025-02-12 00:51:18","INFO","EdgeDiscovery","run","EdgeDiscovery thread started. Output file: C:\Users\lawee\OneDrive\Documents\GitHub\ComFaaS_WIP\server\Output\edge_servers.txt",0.00,-1.00,6.88,-1.00,2
"2025-02-12 00:51:20","INFO","EdgeDiscovery","discoverEdges","Discovered 0 Edge server(s).",0.00,3.31,6.88,-1.00,2
"2025-02-12 00:51:20","SUCCESS","EdgeDiscovery","writeEdgesToFile","Wrote 0 Edge IP(s) to C:\Users\lawee\OneDrive\Documents\GitHub\ComFaaS_WIP\server\Output\edge_servers.txt",0.00,3.31,6.88,-1.00,2
"2025-02-12 00:51:22","NETWORK","Main","runServer","Server starting on port 12354",0.00,-1.00,4.88,-1.00,1
"2025-02-12 00:51:22","INFO","Server","Startup","Listening on port 12354 with maxThreads=10",0.00,-1.00,6.45,-1.00,1
"2025-02-12 00:51:22","INFO","Server","Startup","Server type is EDGE; starting EdgeResponder thread...",0.00,-1.00,6.45,-1.00,1
"2025-02-12 00:51:22","INFO","EdgeResponder","run","Starting EdgeResponder on 230.0.0.0:8888",0.00,-1.00,6.89,-1.00,2
"2025-02-12 00:51:25","INFO","EdgeResponder","run","Received DISCOVER_EDGE from /192.168.179.40",0.00,4.65,6.89,-1.00,2
"2025-02-12 00:51:25","INFO","EdgeResponder","run","Sent EDGE_RESPONSE to group 230.0.0.0:8888",0.00,4.65,6.89,-1.00,2
"2025-02-12 00:51:27","INFO","EdgeDiscovery","discoverEdges","Discovered 1 Edge server(s).",0.00,4.63,6.88,-1.00,2
"2025-02-12 00:51:27","SUCCESS","EdgeDiscovery","writeEdgesToFile","Wrote 1 Edge IP(s) to C:\Users\lawee\OneDrive\Documents\GitHub\ComFaaS_WIP\server\Output\edge_servers.txt",0.00,4.63,6.91,-1.00,2
"2025-02-12 00:51:32","INFO","EdgeResponder","run","Received DISCOVER_EDGE from /192.168.179.40",0.00,3.34,6.89,-1.00,2
"2025-02-12 00:51:32","INFO","EdgeResponder","run","Sent EDGE_RESPONSE to group 230.0.0.0:8888",0.00,3.34,6.89,-1.00,2
"2025-02-12 00:51:34","INFO","EdgeDiscovery","discoverEdges","Discovered 1 Edge server(s).",0.00,3.42,7.37,-1.00,2
"2025-02-12 00:51:34","SUCCESS","EdgeDiscovery","writeEdgesToFile","Wrote 1 Edge IP(s) to C:\Users\lawee\OneDrive\Documents\GitHub\ComFaaS_WIP\server\Output\edge_servers.txt",0.00,3.42,7.37,-1.00,2
"2025-02-12 00:51:39","INFO","EdgeResponder","run","Received DISCOVER_EDGE from /192.168.179.40",0.00,4.12,6.89,-1.00,2
"2025-02-12 00:51:39","INFO","EdgeResponder","run","Sent EDGE_RESPONSE to group 230.0.0.0:8888",0.00,4.12,6.89,-1.00,2
"2025-02-12 00:51:41","INFO","EdgeDiscovery","discoverEdges","Discovered 1 Edge server(s).",0.00,4.35,7.37,-1.00,2
"2025-02-12 00:51:41","SUCCESS","EdgeDiscovery","writeEdgesToFile","Wrote 1 Edge IP(s) to C:\Users\lawee\OneDrive\Documents\GitHub\ComFaaS_WIP\server\Output\edge_servers.txt",0.00,4.35,7.37,-1.00,2
"2025-02-12 00:51:46","INFO","EdgeResponder","run","Received DISCOVER_EDGE from /192.168.179.40",0.00,4.27,6.89,-1.00,2
"2025-02-12 00:51:46","INFO","EdgeResponder","run","Sent EDGE_RESPONSE to group 230.0.0.0:8888",0.00,4.27,6.89,-1.00,2
"2025-02-12 00:51:48","INFO","EdgeDiscovery","discoverEdges","Discovered 1 Edge server(s).",0.00,4.60,7.37,-1.00,2
"2025-02-12 00:51:48","SUCCESS","EdgeDiscovery","writeEdgesToFile","Wrote 1 Edge IP(s) to C:\Users\lawee\OneDrive\Documents\GitHub\ComFaaS_WIP\server\Output\edge_servers.txt",0.00,4.60,7.37,-1.00,2
"2025-02-12 00:51:53","INFO","EdgeResponder","run","Received DISCOVER_EDGE from /192.168.179.40",0.00,5.69,6.89,-1.00,2
"2025-02-12 00:51:53","INFO","EdgeResponder","run","Sent EDGE_RESPONSE to group 230.0.0.0:8888",0.00,5.69,6.89,-1.00,2
"2025-02-12 00:51:55","INFO","EdgeDiscovery","discoverEdges","Discovered 1 Edge server(s).",0.00,4.96,7.37,-1.00,2
"2025-02-12 00:51:55","SUCCESS","EdgeDiscovery","writeEdgesToFile","Wrote 1 Edge IP(s) to C:\Users\lawee\OneDrive\Documents\GitHub\ComFaaS_WIP\server\Output\edge_servers.txt",0.00,4.96,7.37,-1.00,2
"2025-02-12 00:52:00","INFO","EdgeResponder","run","Received DISCOVER_EDGE from /192.168.179.40",0.00,4.59,7.33,-1.00,2
"2025-02-12 00:52:00","INFO","EdgeResponder","run","Sent EDGE_RESPONSE to group 230.0.0.0:8888",0.00,4.59,7.33,-1.00,2
"2025-02-12 00:52:02","INFO","EdgeDiscovery","discoverEdges","Discovered 1 Edge server(s).",0.00,4.12,7.37,-1.00,2
"2025-02-12 00:52:02","SUCCESS","EdgeDiscovery","writeEdgesToFile","Wrote 1 Edge IP(s) to C:\Users\lawee\OneDrive\Documents\GitHub\ComFaaS_WIP\server\Output\edge_servers.txt",0.00,4.12,7.37,-1.00,2
"2025-02-12 00:52:07","INFO","EdgeResponder","run","Received DISCOVER_EDGE from /192.168.179.40",0.00,3.54,7.33,-1.00,2
"2025-02-12 00:52:07","INFO","EdgeResponder","run","Sent EDGE_RESPONSE to group 230.0.0.0:8888",0.00,3.54,7.33,-1.00,2
"2025-02-12 00:52:09","INFO","EdgeDiscovery","discoverEdges","Discovered 1 Edge server(s).",0.00,3.63,7.37,-1.00,2
"2025-02-12 00:52:09","SUCCESS","EdgeDiscovery","writeEdgesToFile","Wrote 1 Edge IP(s) to C:\Users\lawee\OneDrive\Documents\GitHub\ComFaaS_WIP\server\Output\edge_servers.txt",0.00,3.63,7.37,-1.00,2
"2025-02-12 00:52:14","INFO","EdgeResponder","run","Received DISCOVER_EDGE from /192.168.179.40",0.00,3.23,7.33,-1.00,2
"2025-02-12 00:52:14","INFO","EdgeResponder","run","Sent EDGE_RESPONSE to group 230.0.0.0:8888",0.00,3.23,7.33,-1.00,2
"2025-02-12 00:52:16","INFO","EdgeDiscovery","discoverEdges","Discovered 1 Edge server(s).",0.00,3.23,7.37,-1.00,2
"2025-02-12 00:52:16","SUCCESS","EdgeDiscovery","writeEdgesToFile","Wrote 1 Edge IP(s) to C:\Users\lawee\OneDrive\Documents\GitHub\ComFaaS_WIP\server\Output\edge_servers.txt",0.00,3.23,7.81,-1.00,2
"2025-02-12 00:52:21","INFO","EdgeResponder","run","Received DISCOVER_EDGE from /192.168.179.40",0.00,3.08,7.33,-1.00,2
"2025-02-12 00:52:21","INFO","EdgeResponder","run","Sent EDGE_RESPONSE to group 230.0.0.0:8888",0.00,3.08,7.33,-1.00,2
"2025-02-12 00:52:23","INFO","EdgeDiscovery","discoverEdges","Discovered 1 Edge server(s).",0.00,3.16,7.81,-1.00,2
"2025-02-12 00:52:23","SUCCESS","EdgeDiscovery","writeEdgesToFile","Wrote 1 Edge IP(s) to C:\Users\lawee\OneDrive\Documents\GitHub\ComFaaS_WIP\server\Output\edge_servers.txt",0.00,3.16,7.81,-1.00,2
"2025-02-12 00:52:28","INFO","EdgeResponder","run","Received DISCOVER_EDGE from /192.168.179.40",0.00,2.92,7.33,-1.00,2
"2025-02-12 00:52:28","INFO","EdgeResponder","run","Sent EDGE_RESPONSE to group 230.0.0.0:8888",0.00,2.92,7.33,-1.00,2
"2025-02-12 00:52:30","INFO","EdgeDiscovery","discoverEdges","Discovered 1 Edge server(s).",0.00,2.68,7.81,-1.00,2
"2025-02-12 00:52:30","SUCCESS","EdgeDiscovery","writeEdgesToFile","Wrote 1 Edge IP(s) to C:\Users\lawee\OneDrive\Documents\GitHub\ComFaaS_WIP\server\Output\edge_servers.txt",0.00,2.68,7.81,-1.00,2
"2025-02-12 00:52:36","INFO","EdgeResponder","run","Received DISCOVER_EDGE from /192.168.179.40",0.00,3.02,7.33,-1.00,2
"2025-02-12 00:52:36","INFO","EdgeResponder","run","Sent EDGE_RESPONSE to group 230.0.0.0:8888",0.00,3.02,7.33,-1.00,2
"2025-02-12 00:52:38","INFO","EdgeDiscovery","discoverEdges","Discovered 1 Edge server(s).",0.00,3.39,7.81,-1.00,2
"2025-02-12 00:52:38","SUCCESS","EdgeDiscovery","writeEdgesToFile","Wrote 1 Edge IP(s) to C:\Users\lawee\OneDrive\Documents\GitHub\ComFaaS_WIP\server\Output\edge_servers.txt",0.00,3.39,7.81,-1.00,2
"2025-02-12 00:52:43","INFO","EdgeResponder","run","Received DISCOVER_EDGE from /192.168.179.40",0.00,3.97,7.33,-1.00,2
"2025-02-12 00:52:43","INFO","EdgeResponder","run","Sent EDGE_RESPONSE to group 230.0.0.0:8888",0.00,3.97,7.33,-1.00,2
"2025-02-12 00:52:45","INFO","EdgeDiscovery","discoverEdges","Discovered 1 Edge server(s).",0.00,4.01,7.81,-1.00,2
"2025-02-12 00:52:45","SUCCESS","EdgeDiscovery","writeEdgesToFile","Wrote 1 Edge IP(s) to C:\Users\lawee\OneDrive\Documents\GitHub\ComFaaS_WIP\server\Output\edge_servers.txt",0.00,4.01,7.81,-1.00,2
"2025-02-12 00:52:49","NETWORK","Main","runServer","Server starting on port 12355",0.00,-1.00,4.88,-1.00,1
"2025-02-12 00:52:49","INFO","Server","Startup","Listening on port 12355 with maxThreads=10",0.00,-1.00,6.45,-1.00,1
"2025-02-12 00:52:49","INFO","Server","Startup","Server type is EDGE; starting EdgeResponder thread...",0.00,-1.00,6.45,-1.00,1
"2025-02-12 00:52:49","INFO","EdgeResponder","run","Starting EdgeResponder on 230.0.0.0:8888",0.00,-1.00,6.89,-1.00,2
"2025-02-12 00:52:50","INFO","EdgeResponder","run","Received DISCOVER_EDGE from /192.168.179.40",0.00,4.07,7.33,-1.00,2
"2025-02-12 00:52:50","INFO","EdgeResponder","run","Received DISCOVER_EDGE from /192.168.179.40",0.00,3.24,6.89,-1.00,2
"2025-02-12 00:52:50","INFO","EdgeResponder","run","Sent EDGE_RESPONSE to group 230.0.0.0:8888",0.00,4.07,7.33,-1.00,2
"2025-02-12 00:52:50","INFO","EdgeResponder","run","Sent EDGE_RESPONSE to group 230.0.0.0:8888",0.00,3.24,6.89,-1.00,2
"2025-02-12 00:52:52","INFO","EdgeDiscovery","discoverEdges","Discovered 1 Edge server(s).",0.00,4.12,7.81,-1.00,2
"2025-02-12 00:52:52","SUCCESS","EdgeDiscovery","writeEdgesToFile","Wrote 1 Edge IP(s) to C:\Users\lawee\OneDrive\Documents\GitHub\ComFaaS_WIP\server\Output\edge_servers.txt",0.00,4.12,7.81,-1.00,2
"2025-02-12 00:52:57","INFO","EdgeResponder","run","Received DISCOVER_EDGE from /192.168.179.40",0.00,3.17,6.89,-1.00,2
"2025-02-12 00:52:57","INFO","EdgeResponder","run","Received DISCOVER_EDGE from /192.168.179.40",0.00,3.13,7.33,-1.00,2
"2025-02-12 00:52:57","INFO","EdgeResponder","run","Sent EDGE_RESPONSE to group 230.0.0.0:8888",0.00,3.17,6.89,-1.00,2
"2025-02-12 00:52:57","INFO","EdgeResponder","run","Sent EDGE_RESPONSE to group 230.0.0.0:8888",0.00,3.13,7.33,-1.00,2
"2025-02-12 00:52:59","INFO","EdgeDiscovery","discoverEdges","Discovered 1 Edge server(s).",0.00,3.19,7.81,-1.00,2
"2025-02-12 00:52:59","SUCCESS","EdgeDiscovery","writeEdgesToFile","Wrote 1 Edge IP(s) to C:\Users\lawee\OneDrive\Documents\GitHub\ComFaaS_WIP\server\Output\edge_servers.txt",0.00,3.19,7.81,-1.00,2
"2025-02-12 00:53:04","INFO","EdgeResponder","run","Received DISCOVER_EDGE from /192.168.179.40",0.00,3.58,6.89,-1.00,2
"2025-02-12 00:53:04","INFO","EdgeResponder","run","Received DISCOVER_EDGE from /192.168.179.40",0.00,3.61,7.79,-1.00,2
"2025-02-12 00:53:04","INFO","EdgeResponder","run","Sent EDGE_RESPONSE to group 230.0.0.0:8888",0.00,3.58,6.89,-1.00,2
"2025-02-12 00:53:04","INFO","EdgeResponder","run","Sent EDGE_RESPONSE to group 230.0.0.0:8888",0.00,3.61,7.79,-1.00,2
"2025-02-12 00:53:06","INFO","EdgeDiscovery","discoverEdges","Discovered 1 Edge server(s).",0.00,3.46,8.00,-1.00,2
"2025-02-12 00:53:06","SUCCESS","EdgeDiscovery","writeEdgesToFile","Wrote 1 Edge IP(s) to C:\Users\lawee\OneDrive\Documents\GitHub\ComFaaS_WIP\server\Output\edge_servers.txt",0.00,3.46,8.00,-1.00,2
"2025-02-12 00:53:11","INFO","EdgeResponder","run","Received DISCOVER_EDGE from /192.168.179.40",0.00,2.29,7.79,-1.00,2
"2025-02-12 00:53:11","INFO","EdgeResponder","run","Received DISCOVER_EDGE from /192.168.179.40",0.00,2.29,6.89,-1.00,2
"2025-02-12 00:53:11","INFO","EdgeResponder","run","Sent EDGE_RESPONSE to group 230.0.0.0:8888",0.00,2.29,7.79,-1.00,2
"2025-02-12 00:53:11","INFO","EdgeResponder","run","Sent EDGE_RESPONSE to group 230.0.0.0:8888",0.00,2.29,6.89,-1.00,2
"2025-02-12 00:53:13","INFO","EdgeDiscovery","discoverEdges","Discovered 1 Edge server(s).",0.00,2.48,8.00,-1.00,2
"2025-02-12 00:53:13","SUCCESS","EdgeDiscovery","writeEdgesToFile","Wrote 1 Edge IP(s) to C:\Users\lawee\OneDrive\Documents\GitHub\ComFaaS_WIP\server\Output\edge_servers.txt",0.00,2.48,8.00,-1.00,2
"2025-02-12 00:53:18","INFO","EdgeResponder","run","Received DISCOVER_EDGE from /192.168.179.40",0.00,3.88,7.79,-1.00,2
"2025-02-12 00:53:18","INFO","EdgeResponder","run","Received DISCOVER_EDGE from /192.168.179.40",0.00,3.88,6.89,-1.00,2
"2025-02-12 00:53:18","INFO","EdgeResponder","run","Sent EDGE_RESPONSE to group 230.0.0.0:8888",0.00,3.88,7.79,-1.00,2
"2025-02-12 00:53:18","INFO","EdgeResponder","run","Sent EDGE_RESPONSE to group 230.0.0.0:8888",0.00,3.88,6.89,-1.00,2
"2025-02-12 00:53:20","INFO","EdgeDiscovery","discoverEdges","Discovered 1 Edge server(s).",0.00,4.14,8.00,-1.00,2
"2025-02-12 00:53:20","SUCCESS","EdgeDiscovery","writeEdgesToFile","Wrote 1 Edge IP(s) to C:\Users\lawee\OneDrive\Documents\GitHub\ComFaaS_WIP\server\Output\edge_servers.txt",0.00,4.14,8.46,-1.00,2
"2025-02-12 00:53:25","INFO","EdgeResponder","run","Received DISCOVER_EDGE from /192.168.179.40",0.00,3.76,7.33,-1.00,2
"2025-02-12 00:53:25","INFO","EdgeResponder","run","Received DISCOVER_EDGE from /192.168.179.40",0.00,3.76,7.79,-1.00,2
"2025-02-12 00:53:25","INFO","EdgeResponder","run","Sent EDGE_RESPONSE to group 230.0.0.0:8888",0.00,3.76,7.33,-1.00,2
"2025-02-12 00:53:25","INFO","EdgeResponder","run","Sent EDGE_RESPONSE to group 230.0.0.0:8888",0.00,3.76,7.79,-1.00,2
"2025-02-12 00:53:27","INFO","EdgeDiscovery","discoverEdges","Discovered 1 Edge server(s).",0.00,3.13,8.46,-1.00,2
"2025-02-12 00:53:27","SUCCESS","EdgeDiscovery","writeEdgesToFile","Wrote 1 Edge IP(s) to C:\Users\lawee\OneDrive\Documents\GitHub\ComFaaS_WIP\server\Output\edge_servers.txt",0.00,3.13,8.46,-1.00,2
"2025-02-12 00:53:32","INFO","EdgeResponder","run","Received DISCOVER_EDGE from /192.168.179.40",0.00,3.03,7.33,-1.00,2
"2025-02-12 00:53:32","INFO","EdgeResponder","run","Received DISCOVER_EDGE from /192.168.179.40",0.00,3.03,7.79,-1.00,2
"2025-02-12 00:53:32","INFO","EdgeResponder","run","Sent EDGE_RESPONSE to group 230.0.0.0:8888",0.00,3.03,7.79,-1.00,2
"2025-02-12 00:53:32","INFO","EdgeResponder","run","Sent EDGE_RESPONSE to group 230.0.0.0:8888",0.00,3.03,7.33,-1.00,2
"2025-02-12 00:53:34","INFO","EdgeDiscovery","discoverEdges","Discovered 1 Edge server(s).",0.00,3.72,8.46,-1.00,2
"2025-02-12 00:53:34","SUCCESS","EdgeDiscovery","writeEdgesToFile","Wrote 1 Edge IP(s) to C:\Users\lawee\OneDrive\Documents\GitHub\ComFaaS_WIP\server\Output\edge_servers.txt",0.00,3.72,8.46,-1.00,2
"2025-02-12 00:53:39","INFO","EdgeResponder","run","Received DISCOVER_EDGE from /192.168.179.40",0.00,3.85,8.00,-1.00,2
"2025-02-12 00:53:39","INFO","EdgeResponder","run","Sent EDGE_RESPONSE to group 230.0.0.0:8888",0.00,3.85,8.00,-1.00,2
"2025-02-12 00:54:45","NETWORK","Main","runServer","Server starting on port 12355",0.00,-1.00,4.88,-1.00,1
"2025-02-12 00:54:45","INFO","Server","Startup","Listening on port 12355 with maxThreads=10",0.00,-1.00,6.45,-1.00,1
"2025-02-12 00:54:45","INFO","Server","Startup","Server type is EDGE; starting EdgeResponder thread...",0.00,-1.00,6.45,-1.00,1
"2025-02-12 00:54:45","INFO","EdgeResponder","run","Starting EdgeResponder on 230.0.0.0:8888",0.00,-1.00,6.89,-1.00,2
"2025-02-12 00:54:46","NETWORK","Main","runServer","Server starting on port 12357",0.00,-1.00,4.88,-1.00,1
"2025-02-12 00:54:46","INFO","Server","Startup","Listening on port 12357 with maxThreads=10",0.00,-1.00,6.45,-1.00,1
"2025-02-12 00:54:46","INFO","Server","Startup","Server type is EDGE; starting EdgeResponder thread...",0.00,-1.00,6.45,-1.00,1
"2025-02-12 00:54:46","INFO","EdgeResponder","run","Starting EdgeResponder on 230.0.0.0:8888",0.00,-1.00,6.89,-1.00,2
"2025-02-12 00:54:47","NETWORK","Main","runServer","Server starting on port 12356",0.00,-1.00,4.88,-1.00,1
"2025-02-12 00:54:47","INFO","Server","Startup","Listening on port 12356 with maxThreads=10",0.00,-1.00,6.45,-1.00,1
"2025-02-12 00:54:47","INFO","Server","Startup","Server type is EDGE; starting EdgeResponder thread...",0.00,-1.00,6.45,-1.00,1
"2025-02-12 00:54:47","INFO","EdgeResponder","run","Starting EdgeResponder on 230.0.0.0:8888",0.00,-1.00,6.89,-1.00,2
"2025-02-12 00:54:58","NETWORK","Main","runServer","Server starting on port 12353",0.00,-1.00,4.88,-1.00,1
"2025-02-12 00:54:58","INFO","Server","Startup","Listening on port 12353 with maxThreads=10",0.00,-1.00,6.44,-1.00,1
"2025-02-12 00:54:58","INFO","Server","Startup","Server type is CLOUD; starting EdgeDiscovery thread...",0.00,-1.00,6.44,-1.00,1
"2025-02-12 00:54:58","INFO","EdgeDiscovery","run","EdgeDiscovery thread started. Output file: C:\Users\lawee\OneDrive\Documents\GitHub\ComFaaS_WIP\server\Output\edge_servers.txt",0.00,-1.00,6.88,-1.00,2
"2025-02-12 00:54:58","INFO","EdgeResponder","run","Received DISCOVER_EDGE from /192.168.179.40",0.00,3.00,6.89,-1.00,2
"2025-02-12 00:54:58","INFO","EdgeResponder","run","Received DISCOVER_EDGE from /192.168.179.40",0.00,2.81,6.89,-1.00,2
"2025-02-12 00:54:58","INFO","EdgeResponder","run","Received DISCOVER_EDGE from /192.168.179.40",0.00,2.82,6.89,-1.00,2
"2025-02-12 00:54:58","INFO","EdgeResponder","run","Sent EDGE_RESPONSE to group 230.0.0.0:8888",0.00,3.00,6.89,-1.00,2
"2025-02-12 00:54:58","INFO","EdgeResponder","run","Sent EDGE_RESPONSE to group 230.0.0.0:8888",0.00,2.81,6.89,-1.00,2
"2025-02-12 00:54:58","INFO","EdgeResponder","run","Sent EDGE_RESPONSE to group 230.0.0.0:8888",0.00,2.82,6.89,-1.00,2
"2025-02-12 00:55:00","INFO","EdgeDiscovery","discoverEdges","Discovered 1 Edge server(s).",0.00,3.49,6.88,-1.00,2
"2025-02-12 00:55:00","SUCCESS","EdgeDiscovery","writeEdgesToFile","Wrote 1 Edge IP(s) to C:\Users\lawee\OneDrive\Documents\GitHub\ComFaaS_WIP\server\Output\edge_servers.txt",0.00,3.49,6.88,-1.00,2
"2025-02-12 00:55:05","INFO","EdgeResponder","run","Received DISCOVER_EDGE from /192.168.179.40",0.00,2.76,6.89,-1.00,2
"2025-02-12 00:55:05","INFO","EdgeResponder","run","Received DISCOVER_EDGE from /192.168.179.40",0.00,2.75,6.89,-1.00,2
"2025-02-12 00:55:05","INFO","EdgeResponder","run","Received DISCOVER_EDGE from /192.168.179.40",0.00,2.76,6.89,-1.00,2
"2025-02-12 00:55:05","INFO","EdgeResponder","run","Sent EDGE_RESPONSE to group 230.0.0.0:8888",0.00,2.75,6.89,-1.00,2
"2025-02-12 00:55:05","INFO","EdgeResponder","run","Sent EDGE_RESPONSE to group 230.0.0.0:8888",0.00,2.76,6.89,-1.00,2
"2025-02-12 00:55:05","INFO","EdgeResponder","run","Sent EDGE_RESPONSE to group 230.0.0.0:8888",0.00,2.76,6.89,-1.00,2
"2025-02-12 00:55:07","INFO","EdgeDiscovery","discoverEdges","Discovered 1 Edge server(s).",0.00,2.47,6.88,-1.00,2
"2025-02-12 00:55:07","SUCCESS","EdgeDiscovery","writeEdgesToFile","Wrote 1 Edge IP(s) to C:\Users\lawee\OneDrive\Documents\GitHub\ComFaaS_WIP\server\Output\edge_servers.txt",0.00,2.47,7.35,-1.00,2
"2025-02-12 00:55:12","INFO","EdgeResponder","run","Received DISCOVER_EDGE from /192.168.179.40",0.00,2.54,6.89,-1.00,2
"2025-02-12 00:55:12","INFO","EdgeResponder","run","Received DISCOVER_EDGE from /192.168.179.40",0.00,2.54,6.89,-1.00,2
"2025-02-12 00:55:12","INFO","EdgeResponder","run","Received DISCOVER_EDGE from /192.168.179.40",0.00,2.55,6.89,-1.00,2
"2025-02-12 00:55:12","INFO","EdgeResponder","run","Sent EDGE_RESPONSE to group 230.0.0.0:8888",0.00,2.54,6.89,-1.00,2
"2025-02-12 00:55:12","INFO","EdgeResponder","run","Sent EDGE_RESPONSE to group 230.0.0.0:8888",0.00,2.54,6.89,-1.00,2
"2025-02-12 00:55:12","INFO","EdgeResponder","run","Sent EDGE_RESPONSE to group 230.0.0.0:8888",0.00,2.55,6.89,-1.00,2
"2025-02-12 00:55:14","INFO","EdgeDiscovery","discoverEdges","Discovered 1 Edge server(s).",0.00,2.49,7.35,-1.00,2
"2025-02-12 00:55:14","SUCCESS","EdgeDiscovery","writeEdgesToFile","Wrote 1 Edge IP(s) to C:\Users\lawee\OneDrive\Documents\GitHub\ComFaaS_WIP\server\Output\edge_servers.txt",0.00,2.49,7.35,-1.00,2
"2025-02-12 00:55:17","NETWORK","Main","runServer","Server starting on port 12355",0.00,-1.00,4.88,-1.00,1
"2025-02-12 00:55:17","INFO","Server","Startup","Listening on port 12355 with maxThreads=10",0.00,-1.00,6.44,-1.00,1
"2025-02-12 00:55:17","INFO","Server","Startup","Server type is EDGE; starting EdgeResponder thread...",0.00,-1.00,6.44,-1.00,1
"2025-02-12 00:55:17","INFO","EdgeResponder","run","Starting EdgeResponder on 230.0.0.0:8888",0.00,-1.00,6.88,-1.00,2
"2025-02-12 00:55:19","INFO","EdgeResponder","run","Received DISCOVER_EDGE from /192.168.179.40",0.00,3.52,6.88,-1.00,2
"2025-02-12 00:55:19","INFO","EdgeResponder","run","Received DISCOVER_EDGE from /192.168.179.40",0.00,2.64,6.89,-1.00,2
"2025-02-12 00:55:19","INFO","EdgeResponder","run","Received DISCOVER_EDGE from /192.168.179.40",0.00,2.64,6.89,-1.00,2
"2025-02-12 00:55:19","INFO","EdgeResponder","run","Sent EDGE_RESPONSE to group 230.0.0.0:8888",0.00,2.64,6.89,-1.00,2
"2025-02-12 00:55:19","INFO","EdgeResponder","run","Sent EDGE_RESPONSE to group 230.0.0.0:8888",0.00,3.52,6.88,-1.00,2
"2025-02-12 00:55:19","INFO","EdgeResponder","run","Sent EDGE_RESPONSE to group 230.0.0.0:8888",0.00,2.64,6.89,-1.00,2
"2025-02-12 00:55:21","INFO","EdgeDiscovery","discoverEdges","Discovered 1 Edge server(s).",0.00,3.22,7.35,-1.00,2
"2025-02-12 00:55:21","SUCCESS","EdgeDiscovery","writeEdgesToFile","Wrote 1 Edge IP(s) to C:\Users\lawee\OneDrive\Documents\GitHub\ComFaaS_WIP\server\Output\edge_servers.txt",0.00,3.22,7.35,-1.00,2
"2025-02-12 00:55:26","INFO","EdgeResponder","run","Received DISCOVER_EDGE from /192.168.179.40",0.00,2.66,6.89,-1.00,2
"2025-02-12 00:55:26","INFO","EdgeResponder","run","Received DISCOVER_EDGE from /192.168.179.40",0.00,2.66,6.89,-1.00,2
"2025-02-12 00:55:26","INFO","EdgeResponder","run","Sent EDGE_RESPONSE to group 230.0.0.0:8888",0.00,2.66,6.89,-1.00,2
"2025-02-12 00:55:26","INFO","EdgeResponder","run","Sent EDGE_RESPONSE to group 230.0.0.0:8888",0.00,2.66,6.89,-1.00,2
"2025-02-12 00:55:28","INFO","EdgeDiscovery","discoverEdges","Discovered 1 Edge server(s).",0.00,2.11,7.35,-1.00,2
"2025-02-12 00:55:28","SUCCESS","EdgeDiscovery","writeEdgesToFile","Wrote 1 Edge IP(s) to C:\Users\lawee\OneDrive\Documents\GitHub\ComFaaS_WIP\server\Output\edge_servers.txt",0.00,2.11,7.35,-1.00,2
"2025-02-12 01:04:09","NETWORK","Main","runServer","Server starting on port 12355",0.00,-1.00,4.88,-1.00,1
"2025-02-12 01:04:09","INFO","Server","Startup","Listening on port 12355 with maxThreads=10",0.00,-1.00,6.45,-1.00,1
"2025-02-12 01:04:09","INFO","Server","Startup","Server type is EDGE; starting EdgeResponder thread...",0.00,-1.00,6.45,-1.00,1
"2025-02-12 01:04:09","INFO","EdgeResponder","run","Starting EdgeResponder on 230.0.0.0:8888",0.00,-1.00,6.89,-1.00,2
"2025-02-12 01:04:11","NETWORK","Main","runServer","Server starting on port 12356",0.00,-1.00,4.88,-1.00,1
"2025-02-12 01:04:11","INFO","Server","Startup","Listening on port 12356 with maxThreads=10",0.00,-1.00,6.45,-1.00,1
"2025-02-12 01:04:11","INFO","Server","Startup","Server type is EDGE; starting EdgeResponder thread...",0.00,-1.00,6.45,-1.00,1
"2025-02-12 01:04:11","INFO","EdgeResponder","run","Starting EdgeResponder on 230.0.0.0:8888",0.00,-1.00,6.89,-1.00,2
"2025-02-12 01:04:14","NETWORK","Main","runServer","Server starting on port 12357",0.00,-1.00,4.88,-1.00,1
"2025-02-12 01:04:14","INFO","Server","Startup","Listening on port 12357 with maxThreads=10",0.00,-1.00,6.44,-1.00,1
"2025-02-12 01:04:14","INFO","Server","Startup","Server type is EDGE; starting EdgeResponder thread...",0.00,-1.00,6.44,-1.00,1
"2025-02-12 01:04:14","INFO","EdgeResponder","run","Starting EdgeResponder on 230.0.0.0:8888",0.00,-1.00,6.88,-1.00,2
"2025-02-12 01:04:17","NETWORK","Main","runServer","Server starting on port 12353",0.00,-1.00,4.88,-1.00,1
"2025-02-12 01:04:17","INFO","Server","Startup","Listening on port 12353 with maxThreads=10",0.00,-1.00,6.44,-1.00,1
"2025-02-12 01:04:17","INFO","Server","Startup","Server type is CLOUD; starting EdgeDiscovery thread...",0.00,-1.00,6.44,-1.00,1
"2025-02-12 01:04:17","INFO","EdgeDiscovery","run","EdgeDiscovery thread started. Output file: C:\Users\lawee\OneDrive\Documents\GitHub\ComFaaS_WIP\server\Output\edge_servers.txt",0.00,-1.00,6.88,-1.00,2
"2025-02-12 01:04:17","INFO","EdgeResponder","run","Received DISCOVER_EDGE from /192.168.179.40",0.00,2.53,6.88,-1.00,2
"2025-02-12 01:04:17","INFO","EdgeResponder","run","Received DISCOVER_EDGE from /192.168.179.40",0.00,2.47,6.89,-1.00,2
"2025-02-12 01:04:17","INFO","EdgeResponder","run","Received DISCOVER_EDGE from /192.168.179.40",0.00,2.44,6.89,-1.00,2
"2025-02-12 01:04:17","INFO","EdgeResponder","run","Sent EDGE_RESPONSE to group 230.0.0.0:8888",0.00,2.53,6.88,-1.00,2
"2025-02-12 01:04:17","INFO","EdgeResponder","run","Sent EDGE_RESPONSE to group 230.0.0.0:8888",0.00,2.47,6.89,-1.00,2
"2025-02-12 01:04:17","INFO","EdgeResponder","run","Sent EDGE_RESPONSE to group 230.0.0.0:8888",0.00,2.44,6.89,-1.00,2
"2025-02-12 01:04:19","INFO","EdgeDiscovery","discoverEdges","Discovered 1 Edge server(s).",0.00,2.55,6.88,-1.00,2
"2025-02-12 01:04:19","SUCCESS","EdgeDiscovery","writeEdgesToFile","Wrote 1 Edge IP(s) to C:\Users\lawee\OneDrive\Documents\GitHub\ComFaaS_WIP\server\Output\edge_servers.txt",0.00,2.55,7.32,-1.00,2
"2025-02-12 01:04:24","INFO","EdgeResponder","run","Received DISCOVER_EDGE from /192.168.179.40",0.00,2.01,6.88,-1.00,2
"2025-02-12 01:04:24","INFO","EdgeResponder","run","Received DISCOVER_EDGE from /192.168.179.40",0.00,2.01,6.89,-1.00,2
"2025-02-12 01:04:24","INFO","EdgeResponder","run","Received DISCOVER_EDGE from /192.168.179.40",0.00,2.01,6.89,-1.00,2
"2025-02-12 01:04:24","INFO","EdgeResponder","run","Sent EDGE_RESPONSE to group 230.0.0.0:8888",0.00,2.01,6.88,-1.00,2
"2025-02-12 01:04:24","INFO","EdgeResponder","run","Sent EDGE_RESPONSE to group 230.0.0.0:8888",0.00,2.01,6.89,-1.00,2
"2025-02-12 01:04:24","INFO","EdgeResponder","run","Sent EDGE_RESPONSE to group 230.0.0.0:8888",0.00,2.01,6.89,-1.00,2
"2025-02-12 01:04:26","INFO","EdgeDiscovery","discoverEdges","Discovered 1 Edge server(s).",0.00,2.15,7.32,-1.00,2
"2025-02-12 01:04:26","SUCCESS","EdgeDiscovery","writeEdgesToFile","Wrote 1 Edge IP(s) to C:\Users\lawee\OneDrive\Documents\GitHub\ComFaaS_WIP\server\Output\edge_servers.txt",0.00,2.15,7.32,-1.00,2
"2025-02-12 01:04:31","INFO","EdgeResponder","run","Received DISCOVER_EDGE from /192.168.179.40",0.00,2.18,6.89,-1.00,2
"2025-02-12 01:04:31","INFO","EdgeResponder","run","Received DISCOVER_EDGE from /192.168.179.40",0.00,2.18,6.89,-1.00,2
"2025-02-12 01:04:31","INFO","EdgeResponder","run","Received DISCOVER_EDGE from /192.168.179.40",0.00,2.18,6.88,-1.00,2
"2025-02-12 01:04:31","INFO","EdgeResponder","run","Sent EDGE_RESPONSE to group 230.0.0.0:8888",0.00,2.18,6.89,-1.00,2
"2025-02-12 01:04:31","INFO","EdgeResponder","run","Sent EDGE_RESPONSE to group 230.0.0.0:8888",0.00,2.18,6.89,-1.00,2
"2025-02-12 01:04:31","INFO","EdgeResponder","run","Sent EDGE_RESPONSE to group 230.0.0.0:8888",0.00,2.18,6.88,-1.00,2
"2025-02-12 01:04:33","INFO","EdgeDiscovery","discoverEdges","Discovered 1 Edge server(s).",0.00,1.93,7.32,-1.00,2
"2025-02-12 01:04:33","SUCCESS","EdgeDiscovery","writeEdgesToFile","Wrote 1 Edge IP(s) to C:\Users\lawee\OneDrive\Documents\GitHub\ComFaaS_WIP\server\Output\edge_servers.txt",0.00,1.93,7.32,-1.00,2
"2025-02-12 01:04:38","INFO","EdgeResponder","run","Received DISCOVER_EDGE from /192.168.179.40",0.00,2.03,6.89,-1.00,2
"2025-02-12 01:04:38","INFO","EdgeResponder","run","Received DISCOVER_EDGE from /192.168.179.40",0.00,2.03,6.88,-1.00,2
"2025-02-12 01:04:38","INFO","EdgeResponder","run","Sent EDGE_RESPONSE to group 230.0.0.0:8888",0.00,2.03,6.88,-1.00,2
"2025-02-12 01:04:38","INFO","EdgeResponder","run","Sent EDGE_RESPONSE to group 230.0.0.0:8888",0.00,2.03,6.89,-1.00,2
"2025-02-12 01:04:40","NETWORK","Main","runServer","Server starting on port 12356",0.00,-1.00,4.88,-1.00,1
"2025-02-12 01:04:40","INFO","Server","Startup","Listening on port 12356 with maxThreads=10",0.00,-1.00,6.45,-1.00,1
"2025-02-12 01:04:40","INFO","Server","Startup","Server type is EDGE; starting EdgeResponder thread...",0.00,-1.00,6.45,-1.00,1
"2025-02-12 01:04:40","INFO","EdgeResponder","run","Starting EdgeResponder on 230.0.0.0:8888",0.00,-1.00,6.89,-1.00,2
"2025-02-12 01:04:40","INFO","EdgeDiscovery","discoverEdges","Discovered 1 Edge server(s).",0.00,2.47,7.32,-1.00,2
"2025-02-12 01:04:40","SUCCESS","EdgeDiscovery","writeEdgesToFile","Wrote 1 Edge IP(s) to C:\Users\lawee\OneDrive\Documents\GitHub\ComFaaS_WIP\server\Output\edge_servers.txt",0.00,2.47,7.32,-1.00,2
"2025-02-12 01:04:45","INFO","EdgeResponder","run","Received DISCOVER_EDGE from /192.168.179.40",0.00,3.26,6.88,-1.00,2
"2025-02-12 01:04:45","INFO","EdgeResponder","run","Received DISCOVER_EDGE from /192.168.179.40",0.00,3.26,6.89,-1.00,2
"2025-02-12 01:04:45","INFO","EdgeResponder","run","Received DISCOVER_EDGE from /192.168.179.40",0.00,3.35,6.89,-1.00,2
"2025-02-12 01:04:45","INFO","EdgeResponder","run","Sent EDGE_RESPONSE to group 230.0.0.0:8888",0.00,3.26,6.88,-1.00,2
"2025-02-12 01:04:45","INFO","EdgeResponder","run","Sent EDGE_RESPONSE to group 230.0.0.0:8888",0.00,3.26,6.89,-1.00,2
"2025-02-12 01:04:45","INFO","EdgeResponder","run","Sent EDGE_RESPONSE to group 230.0.0.0:8888",0.00,3.35,6.89,-1.00,2
"2025-02-12 01:04:47","INFO","EdgeDiscovery","discoverEdges","Discovered 1 Edge server(s).",0.00,3.33,7.32,-1.00,2
"2025-02-12 01:04:47","SUCCESS","EdgeDiscovery","writeEdgesToFile","Wrote 1 Edge IP(s) to C:\Users\lawee\OneDrive\Documents\GitHub\ComFaaS_WIP\server\Output\edge_servers.txt",0.00,3.33,7.32,-1.00,2
"2025-02-12 01:04:52","INFO","EdgeResponder","run","Received DISCOVER_EDGE from /192.168.179.40",0.00,2.58,7.33,-1.00,2
"2025-02-12 01:04:52","INFO","EdgeResponder","run","Received DISCOVER_EDGE from /192.168.179.40",0.00,2.58,7.32,-1.00,2
"2025-02-12 01:04:52","INFO","EdgeResponder","run","Sent EDGE_RESPONSE to group 230.0.0.0:8888",0.00,2.58,7.33,-1.00,2
"2025-02-12 01:04:52","INFO","EdgeResponder","run","Sent EDGE_RESPONSE to group 230.0.0.0:8888",0.00,2.58,7.32,-1.00,2
"2025-02-12 01:04:54","INFO","EdgeDiscovery","discoverEdges","Discovered 1 Edge server(s).",0.00,2.06,7.32,-1.00,2
"2025-02-12 01:04:54","SUCCESS","EdgeDiscovery","writeEdgesToFile","Wrote 1 Edge IP(s) to C:\Users\lawee\OneDrive\Documents\GitHub\ComFaaS_WIP\server\Output\edge_servers.txt",0.00,2.06,7.32,-1.00,2
"2025-02-12 01:04:59","INFO","EdgeResponder","run","Received DISCOVER_EDGE from /192.168.179.40",0.00,2.09,7.32,-1.00,2
"2025-02-12 01:04:59","INFO","EdgeResponder","run","Received DISCOVER_EDGE from /192.168.179.40",0.00,2.09,7.33,-1.00,2
"2025-02-12 01:04:59","INFO","EdgeResponder","run","Sent EDGE_RESPONSE to group 230.0.0.0:8888",0.00,2.09,7.33,-1.00,2
"2025-02-12 01:04:59","INFO","EdgeResponder","run","Sent EDGE_RESPONSE to group 230.0.0.0:8888",0.00,2.09,7.32,-1.00,2
"2025-02-12 01:05:01","INFO","EdgeDiscovery","discoverEdges","Discovered 1 Edge server(s).",0.00,2.33,7.32,-1.00,2
"2025-02-12 01:05:01","SUCCESS","EdgeDiscovery","writeEdgesToFile","Wrote 1 Edge IP(s) to C:\Users\lawee\OneDrive\Documents\GitHub\ComFaaS_WIP\server\Output\edge_servers.txt",0.00,2.33,7.78,-1.00,2
"2025-02-12 01:05:06","INFO","EdgeResponder","run","Received DISCOVER_EDGE from /192.168.179.40",0.00,1.93,7.33,-1.00,2
"2025-02-12 01:05:06","INFO","EdgeResponder","run","Received DISCOVER_EDGE from /192.168.179.40",0.00,1.93,7.32,-1.00,2
"2025-02-12 01:05:06","INFO","EdgeResponder","run","Sent EDGE_RESPONSE to group 230.0.0.0:8888",0.00,1.93,7.33,-1.00,2
"2025-02-12 01:05:06","INFO","EdgeResponder","run","Sent EDGE_RESPONSE to group 230.0.0.0:8888",0.00,1.93,7.32,-1.00,2
"2025-02-12 01:05:08","INFO","EdgeDiscovery","discoverEdges","Discovered 1 Edge server(s).",0.00,1.86,7.78,-1.00,2
"2025-02-12 01:05:08","SUCCESS","EdgeDiscovery","writeEdgesToFile","Wrote 1 Edge IP(s) to C:\Users\lawee\OneDrive\Documents\GitHub\ComFaaS_WIP\server\Output\edge_servers.txt",0.00,1.86,7.78,-1.00,2
"2025-02-12 01:05:13","INFO","EdgeResponder","run","Received DISCOVER_EDGE from /192.168.179.40",0.00,2.07,7.32,-1.00,2
"2025-02-12 01:05:13","INFO","EdgeResponder","run","Received DISCOVER_EDGE from /192.168.179.40",0.00,2.07,7.33,-1.00,2
"2025-02-12 01:05:13","INFO","EdgeResponder","run","Sent EDGE_RESPONSE to group 230.0.0.0:8888",0.00,2.07,7.32,-1.00,2
"2025-02-12 01:05:13","INFO","EdgeResponder","run","Sent EDGE_RESPONSE to group 230.0.0.0:8888",0.00,2.07,7.33,-1.00,2
"2025-02-12 01:05:15","INFO","EdgeDiscovery","discoverEdges","Discovered 1 Edge server(s).",0.00,1.86,7.78,-1.00,2
"2025-02-12 01:05:15","SUCCESS","EdgeDiscovery","writeEdgesToFile","Wrote 1 Edge IP(s) to C:\Users\lawee\OneDrive\Documents\GitHub\ComFaaS_WIP\server\Output\edge_servers.txt",0.00,1.86,7.78,-1.00,2
"2025-02-12 01:05:21","INFO","EdgeResponder","run","Received DISCOVER_EDGE from /192.168.179.40",0.00,1.94,7.32,-1.00,2
"2025-02-12 01:05:21","INFO","EdgeResponder","run","Received DISCOVER_EDGE from /192.168.179.40",0.00,1.94,7.33,-1.00,2
"2025-02-12 01:05:21","INFO","EdgeResponder","run","Sent EDGE_RESPONSE to group 230.0.0.0:8888",0.00,1.94,7.32,-1.00,2
"2025-02-12 01:05:21","INFO","EdgeResponder","run","Sent EDGE_RESPONSE to group 230.0.0.0:8888",0.00,1.94,7.33,-1.00,2
"2025-02-12 01:05:23","INFO","EdgeDiscovery","discoverEdges","Discovered 1 Edge server(s).",0.00,2.50,7.78,-1.00,2
"2025-02-12 01:05:23","SUCCESS","EdgeDiscovery","writeEdgesToFile","Wrote 1 Edge IP(s) to C:\Users\lawee\OneDrive\Documents\GitHub\ComFaaS_WIP\server\Output\edge_servers.txt",0.00,2.50,7.78,-1.00,2
"2025-02-12 01:05:28","INFO","EdgeResponder","run","Received DISCOVER_EDGE from /192.168.179.40",0.00,2.94,7.33,-1.00,2
"2025-02-12 01:05:28","INFO","EdgeResponder","run","Received DISCOVER_EDGE from /192.168.179.40",0.00,2.94,7.32,-1.00,2
"2025-02-12 01:05:28","INFO","EdgeResponder","run","Sent EDGE_RESPONSE to group 230.0.0.0:8888",0.00,2.94,7.32,-1.00,2
"2025-02-12 01:05:28","INFO","EdgeResponder","run","Sent EDGE_RESPONSE to group 230.0.0.0:8888",0.00,2.94,7.33,-1.00,2
"2025-02-12 01:05:30","INFO","EdgeDiscovery","discoverEdges","Discovered 1 Edge server(s).",0.00,2.60,7.78,-1.00,2
"2025-02-12 01:05:30","SUCCESS","EdgeDiscovery","writeEdgesToFile","Wrote 1 Edge IP(s) to C:\Users\lawee\OneDrive\Documents\GitHub\ComFaaS_WIP\server\Output\edge_servers.txt",0.00,2.60,7.78,-1.00,2
"2025-02-12 01:05:35","INFO","EdgeResponder","run","Received DISCOVER_EDGE from /192.168.179.40",0.00,2.49,7.32,-1.00,2
"2025-02-12 01:05:35","INFO","EdgeResponder","run","Received DISCOVER_EDGE from /192.168.179.40",0.00,2.49,7.33,-1.00,2
"2025-02-12 01:05:35","INFO","EdgeResponder","run","Sent EDGE_RESPONSE to group 230.0.0.0:8888",0.00,2.49,7.32,-1.00,2
"2025-02-12 01:05:35","INFO","EdgeResponder","run","Sent EDGE_RESPONSE to group 230.0.0.0:8888",0.00,2.49,7.33,-1.00,2
"2025-02-12 01:05:37","INFO","EdgeDiscovery","discoverEdges","Discovered 1 Edge server(s).",0.00,2.72,7.78,-1.00,2
"2025-02-12 01:05:37","SUCCESS","EdgeDiscovery","writeEdgesToFile","Wrote 1 Edge IP(s) to C:\Users\lawee\OneDrive\Documents\GitHub\ComFaaS_WIP\server\Output\edge_servers.txt",0.00,2.72,7.78,-1.00,2
"2025-02-12 01:05:42","INFO","EdgeResponder","run","Received DISCOVER_EDGE from /192.168.179.40",0.00,2.93,7.33,-1.00,2
"2025-02-12 01:05:42","INFO","EdgeResponder","run","Received DISCOVER_EDGE from /192.168.179.40",0.00,2.93,7.32,-1.00,2
"2025-02-12 01:05:42","INFO","EdgeResponder","run","Sent EDGE_RESPONSE to group 230.0.0.0:8888",0.00,2.93,7.33,-1.00,2
"2025-02-12 01:05:42","INFO","EdgeResponder","run","Sent EDGE_RESPONSE to group 230.0.0.0:8888",0.00,2.93,7.32,-1.00,2
"2025-02-12 01:05:44","INFO","EdgeDiscovery","discoverEdges","Discovered 1 Edge server(s).",0.00,2.75,7.78,-1.00,2
"2025-02-12 01:05:44","SUCCESS","EdgeDiscovery","writeEdgesToFile","Wrote 1 Edge IP(s) to C:\Users\lawee\OneDrive\Documents\GitHub\ComFaaS_WIP\server\Output\edge_servers.txt",0.00,2.75,7.78,-1.00,2
"2025-02-12 01:05:49","INFO","EdgeResponder","run","Received DISCOVER_EDGE from /192.168.179.40",0.00,2.75,7.33,-1.00,2
"2025-02-12 01:05:49","INFO","EdgeResponder","run","Received DISCOVER_EDGE from /192.168.179.40",0.00,2.75,7.32,-1.00,2
"2025-02-12 01:05:49","INFO","EdgeResponder","run","Sent EDGE_RESPONSE to group 230.0.0.0:8888",0.00,2.75,7.77,-1.00,2
"2025-02-12 01:05:49","INFO","EdgeResponder","run","Sent EDGE_RESPONSE to group 230.0.0.0:8888",0.00,2.75,7.32,-1.00,2
"2025-02-12 01:05:51","INFO","EdgeDiscovery","discoverEdges","Discovered 1 Edge server(s).",0.00,2.67,8.00,-1.00,2
"2025-02-12 01:05:51","SUCCESS","EdgeDiscovery","writeEdgesToFile","Wrote 1 Edge IP(s) to C:\Users\lawee\OneDrive\Documents\GitHub\ComFaaS_WIP\server\Output\edge_servers.txt",0.00,2.67,8.00,-1.00,2
"2025-02-12 01:05:56","INFO","EdgeResponder","run","Received DISCOVER_EDGE from /192.168.179.40",0.00,1.72,7.77,-1.00,2
"2025-02-12 01:05:56","INFO","EdgeResponder","run","Received DISCOVER_EDGE from /192.168.179.40",0.00,1.72,7.78,-1.00,2
"2025-02-12 01:05:56","INFO","EdgeResponder","run","Sent EDGE_RESPONSE to group 230.0.0.0:8888",0.00,1.72,7.77,-1.00,2
"2025-02-12 01:05:56","INFO","EdgeResponder","run","Sent EDGE_RESPONSE to group 230.0.0.0:8888",0.00,1.72,7.78,-1.00,2
"2025-02-12 01:05:58","INFO","EdgeDiscovery","discoverEdges","Discovered 1 Edge server(s).",0.00,1.14,8.00,-1.00,2
"2025-02-12 01:05:58","SUCCESS","EdgeDiscovery","writeEdgesToFile","Wrote 1 Edge IP(s) to C:\Users\lawee\OneDrive\Documents\GitHub\ComFaaS_WIP\server\Output\edge_servers.txt",0.00,1.14,8.00,-1.00,2
"2025-02-12 01:06:03","INFO","EdgeResponder","run","Received DISCOVER_EDGE from /192.168.179.40",0.00,0.98,7.78,-1.00,2
"2025-02-12 01:06:03","INFO","EdgeResponder","run","Received DISCOVER_EDGE from /192.168.179.40",0.00,0.99,7.77,-1.00,2
"2025-02-12 01:06:03","INFO","EdgeResponder","run","Sent EDGE_RESPONSE to group 230.0.0.0:8888",0.00,0.98,7.78,-1.00,2
"2025-02-12 01:06:03","INFO","EdgeResponder","run","Sent EDGE_RESPONSE to group 230.0.0.0:8888",0.00,0.99,7.77,-1.00,2
"2025-02-12 01:06:05","INFO","EdgeDiscovery","discoverEdges","Discovered 1 Edge server(s).",0.00,1.16,8.00,-1.00,2
"2025-02-12 01:06:05","SUCCESS","EdgeDiscovery","writeEdgesToFile","Wrote 1 Edge IP(s) to C:\Users\lawee\OneDrive\Documents\GitHub\ComFaaS_WIP\server\Output\edge_servers.txt",0.00,1.16,8.00,-1.00,2
"2025-02-12 01:06:10","INFO","EdgeResponder","run","Received DISCOVER_EDGE from /192.168.179.40",0.00,1.29,7.78,-1.00,2
"2025-02-12 01:06:10","INFO","EdgeResponder","run","Received DISCOVER_EDGE from /192.168.179.40",0.00,1.28,7.77,-1.00,2
"2025-02-12 01:06:10","INFO","EdgeResponder","run","Sent EDGE_RESPONSE to group 230.0.0.0:8888",0.00,1.29,7.78,-1.00,2
"2025-02-12 01:06:10","INFO","EdgeResponder","run","Sent EDGE_RESPONSE to group 230.0.0.0:8888",0.00,1.28,7.77,-1.00,2
"2025-02-12 01:06:12","INFO","EdgeDiscovery","discoverEdges","Discovered 1 Edge server(s).",0.00,1.79,8.00,-1.00,2
"2025-02-12 01:06:12","SUCCESS","EdgeDiscovery","writeEdgesToFile","Wrote 1 Edge IP(s) to C:\Users\lawee\OneDrive\Documents\GitHub\ComFaaS_WIP\server\Output\edge_servers.txt",0.00,1.79,8.46,-1.00,2
"2025-02-12 01:06:17","INFO","EdgeResponder","run","Received DISCOVER_EDGE from /192.168.179.40",0.00,2.03,8.00,-1.00,2
"2025-02-12 01:06:17","INFO","EdgeResponder","run","Received DISCOVER_EDGE from /192.168.179.40",0.00,2.03,7.78,-1.00,2
"2025-02-12 01:06:17","INFO","EdgeResponder","run","Sent EDGE_RESPONSE to group 230.0.0.0:8888",0.00,2.03,7.78,-1.00,2
"2025-02-12 01:06:17","INFO","EdgeResponder","run","Sent EDGE_RESPONSE to group 230.0.0.0:8888",0.00,2.03,8.00,-1.00,2
"2025-02-12 01:06:19","INFO","EdgeDiscovery","discoverEdges","Discovered 1 Edge server(s).",0.00,1.79,8.46,-1.00,2
"2025-02-12 01:06:19","SUCCESS","EdgeDiscovery","writeEdgesToFile","Wrote 1 Edge IP(s) to C:\Users\lawee\OneDrive\Documents\GitHub\ComFaaS_WIP\server\Output\edge_servers.txt",0.00,1.79,8.46,-1.00,2
"2025-02-12 01:06:24","INFO","EdgeResponder","run","Received DISCOVER_EDGE from /192.168.179.40",0.00,3.16,7.78,-1.00,2
"2025-02-12 01:06:24","INFO","EdgeResponder","run","Received DISCOVER_EDGE from /192.168.179.40",0.00,3.16,8.00,-1.00,2
"2025-02-12 01:06:24","INFO","EdgeResponder","run","Sent EDGE_RESPONSE to group 230.0.0.0:8888",0.00,3.16,8.00,-1.00,2
"2025-02-12 01:06:24","INFO","EdgeResponder","run","Sent EDGE_RESPONSE to group 230.0.0.0:8888",0.00,3.16,7.78,-1.00,2
"2025-02-12 01:06:26","INFO","EdgeDiscovery","discoverEdges","Discovered 1 Edge server(s).",0.00,3.16,8.46,-1.00,2
"2025-02-12 01:06:26","SUCCESS","EdgeDiscovery","writeEdgesToFile","Wrote 1 Edge IP(s) to C:\Users\lawee\OneDrive\Documents\GitHub\ComFaaS_WIP\server\Output\edge_servers.txt",0.00,3.16,8.46,-1.00,2
"2025-02-12 01:06:31","INFO","EdgeResponder","run","Received DISCOVER_EDGE from /192.168.179.40",0.00,2.13,8.00,-1.00,2
"2025-02-12 01:06:31","INFO","EdgeResponder","run","Received DISCOVER_EDGE from /192.168.179.40",0.00,2.13,7.78,-1.00,2
"2025-02-12 01:06:31","INFO","EdgeResponder","run","Sent EDGE_RESPONSE to group 230.0.0.0:8888",0.00,2.13,7.78,-1.00,2
"2025-02-12 01:06:31","INFO","EdgeResponder","run","Sent EDGE_RESPONSE to group 230.0.0.0:8888",0.00,2.13,8.00,-1.00,2
"2025-02-12 01:06:33","INFO","EdgeDiscovery","discoverEdges","Discovered 1 Edge server(s).",0.00,2.11,8.46,-1.00,2
"2025-02-12 01:06:33","SUCCESS","EdgeDiscovery","writeEdgesToFile","Wrote 1 Edge IP(s) to C:\Users\lawee\OneDrive\Documents\GitHub\ComFaaS_WIP\server\Output\edge_servers.txt",0.00,2.11,8.46,-1.00,2
"2025-02-12 01:06:38","INFO","EdgeResponder","run","Received DISCOVER_EDGE from /192.168.179.40",0.00,1.79,8.00,-1.00,2
"2025-02-12 01:06:38","INFO","EdgeResponder","run","Received DISCOVER_EDGE from /192.168.179.40",0.00,1.80,7.78,-1.00,2
"2025-02-12 01:06:38","INFO","EdgeResponder","run","Sent EDGE_RESPONSE to group 230.0.0.0:8888",0.00,1.79,8.00,-1.00,2
"2025-02-12 01:06:38","INFO","EdgeResponder","run","Sent EDGE_RESPONSE to group 230.0.0.0:8888",0.00,1.80,7.78,-1.00,2
"2025-02-12 01:06:40","INFO","EdgeDiscovery","discoverEdges","Discovered 1 Edge server(s).",0.00,2.02,8.46,-1.00,2
"2025-02-12 01:06:40","SUCCESS","EdgeDiscovery","writeEdgesToFile","Wrote 1 Edge IP(s) to C:\Users\lawee\OneDrive\Documents\GitHub\ComFaaS_WIP\server\Output\edge_servers.txt",0.00,2.02,8.46,-1.00,2
"2025-02-12 01:06:45","INFO","EdgeResponder","run","Received DISCOVER_EDGE from /192.168.179.40",0.00,2.75,7.78,-1.00,2
"2025-02-12 01:06:45","INFO","EdgeResponder","run","Received DISCOVER_EDGE from /192.168.179.40",0.00,2.76,8.00,-1.00,2
"2025-02-12 01:06:45","INFO","EdgeResponder","run","Sent EDGE_RESPONSE to group 230.0.0.0:8888",0.00,2.75,7.78,-1.00,2
"2025-02-12 01:06:45","INFO","EdgeResponder","run","Sent EDGE_RESPONSE to group 230.0.0.0:8888",0.00,2.76,8.00,-1.00,2
"2025-02-12 01:06:47","INFO","EdgeDiscovery","discoverEdges","Discovered 1 Edge server(s).",0.00,2.67,8.46,-1.00,2
"2025-02-12 01:06:47","SUCCESS","EdgeDiscovery","writeEdgesToFile","Wrote 1 Edge IP(s) to C:\Users\lawee\OneDrive\Documents\GitHub\ComFaaS_WIP\server\Output\edge_servers.txt",0.00,2.67,8.46,-1.00,2
"2025-02-12 01:17:20","NETWORK","Main","runServer","Server starting on port 12353",0.00,0.00,4.88,-1.00,1
"2025-02-12 01:17:20","INFO","Server","Startup","Listening on port 12353 with maxThreads=10",0.00,0.00,6.45,-1.00,1
"2025-02-12 01:17:20","INFO","Server","Startup","Server type is CLOUD; starting EdgeDiscovery thread...",0.00,0.00,6.45,-1.00,1
"2025-02-12 01:17:20","INFO","EdgeDiscovery","run","EdgeDiscovery thread started. Output file: C:\Users\lawee\OneDrive\Documents\GitHub\ComFaaS_WIP\server\Output\edge_servers.txt",0.00,0.00,6.89,-1.00,2
"2025-02-12 01:17:22","INFO","EdgeDiscovery","discoverEdges","Discovered 0 Edge server(s).",0.00,2.92,6.89,-1.00,2
"2025-02-12 01:17:22","SUCCESS","EdgeDiscovery","writeEdgesToFile","Wrote 0 Edge IP(s) to C:\Users\lawee\OneDrive\Documents\GitHub\ComFaaS_WIP\server\Output\edge_servers.txt",0.00,2.92,6.89,-1.00,2
"2025-02-12 01:17:24","NETWORK","Main","runServer","Server starting on port 12355",0.00,-1.00,5.32,-1.00,1
"2025-02-12 01:17:24","INFO","Server","Startup","Listening on port 12355 with maxThreads=10",0.00,-1.00,6.88,-1.00,1
"2025-02-12 01:17:24","INFO","Server","Startup","Server type is EDGE; starting EdgeResponder thread...",0.00,-1.00,6.88,-1.00,1
"2025-02-12 01:17:24","INFO","EdgeResponder","run","Starting EdgeResponder on 230.0.0.0:8888",0.00,-1.00,7.32,-1.00,2
"2025-02-12 01:17:27","INFO","EdgeResponder","run","Received DISCOVER_EDGE from /192.168.179.40",0.00,3.93,7.32,-1.00,2
"2025-02-12 01:17:27","INFO","EdgeResponder","run","Sent EDGE_RESPONSE to group 230.0.0.0:8888",0.00,3.93,7.32,-1.00,2
"2025-02-12 01:17:29","INFO","EdgeDiscovery","discoverEdges","Discovered 1 Edge server(s).",0.00,3.81,7.33,-1.00,2
"2025-02-12 01:17:29","SUCCESS","EdgeDiscovery","writeEdgesToFile","Wrote 1 Edge IP(s) to C:\Users\lawee\OneDrive\Documents\GitHub\ComFaaS_WIP\server\Output\edge_servers.txt",0.00,3.81,7.33,-1.00,2
"2025-02-12 01:17:31","NETWORK","Main","runServer","Server starting on port 12357",0.00,-1.00,4.88,-1.00,1
"2025-02-12 01:17:31","INFO","Server","Startup","Listening on port 12357 with maxThreads=10",0.00,-1.00,6.45,-1.00,1
"2025-02-12 01:17:31","INFO","Server","Startup","Server type is EDGE; starting EdgeResponder thread...",0.00,-1.00,6.45,-1.00,1
"2025-02-12 01:17:31","INFO","EdgeResponder","run","Starting EdgeResponder on 230.0.0.0:8888",0.00,-1.00,6.89,-1.00,2
"2025-02-12 01:17:34","INFO","EdgeResponder","run","Received DISCOVER_EDGE from /192.168.179.40",0.00,3.65,7.32,-1.00,2
"2025-02-12 01:17:34","INFO","EdgeResponder","run","Received DISCOVER_EDGE from /192.168.179.40",0.00,3.13,6.89,-1.00,2
"2025-02-12 01:17:34","INFO","EdgeResponder","run","Sent EDGE_RESPONSE to group 230.0.0.0:8888",0.00,3.65,7.32,-1.00,2
"2025-02-12 01:17:34","INFO","EdgeResponder","run","Sent EDGE_RESPONSE to group 230.0.0.0:8888",0.00,3.13,6.89,-1.00,2
"2025-02-12 01:17:36","INFO","EdgeDiscovery","discoverEdges","Discovered 1 Edge server(s).",0.00,3.58,7.33,-1.00,2
"2025-02-12 01:17:36","SUCCESS","EdgeDiscovery","writeEdgesToFile","Wrote 1 Edge IP(s) to C:\Users\lawee\OneDrive\Documents\GitHub\ComFaaS_WIP\server\Output\edge_servers.txt",0.00,3.58,7.33,-1.00,2
"2025-02-12 01:17:41","INFO","EdgeResponder","run","Received DISCOVER_EDGE from /192.168.179.40",0.00,2.80,6.89,-1.00,2
"2025-02-12 01:17:41","INFO","EdgeResponder","run","Received DISCOVER_EDGE from /192.168.179.40",0.00,2.80,7.32,-1.00,2
"2025-02-12 01:17:41","INFO","EdgeResponder","run","Sent EDGE_RESPONSE to group 230.0.0.0:8888",0.00,2.80,6.89,-1.00,2
"2025-02-12 01:17:41","INFO","EdgeResponder","run","Sent EDGE_RESPONSE to group 230.0.0.0:8888",0.00,2.80,7.32,-1.00,2
"2025-02-12 01:17:43","INFO","EdgeDiscovery","discoverEdges","Discovered 1 Edge server(s).",0.00,2.65,7.33,-1.00,2
"2025-02-12 01:17:43","SUCCESS","EdgeDiscovery","writeEdgesToFile","Wrote 1 Edge IP(s) to C:\Users\lawee\OneDrive\Documents\GitHub\ComFaaS_WIP\server\Output\edge_servers.txt",0.00,2.65,7.33,-1.00,2
