Timestamp,Level,Component,Operation,Message,Duration(ms),CPU_Usage(%),Memory_Usage(MB),FileSize,ThreadID
"2025-02-11 22:39:26","NETWORK","Main","initializeServer","Server initializing...",0.00,0.00,3.38,-1.00,1
"2025-02-11 22:39:26","SUCCESS","Main","initializeServer","Server directories verified.",0.00,18.18,4.85,-1.00,1
"2025-02-11 22:39:26","SUCCESS","Main","initializeServer","Python virtual environment verified.",0.00,16.67,4.85,-1.00,1
"2025-02-11 22:39:26","NETWORK","Main","initializeClient","Client initializing...",0.00,0.00,3.84,-1.00,1
"2025-02-11 22:39:26","SUCCESS","Main","initializeClient","Client directories verified.",0.00,19.35,4.86,-1.00,1
"2025-02-11 22:39:26","SUCCESS","Main","initializeClient","Python virtual environment verified.",0.00,0.00,5.40,-1.00,1
"2025-02-11 22:46:10","NETWORK","Main","runServer","Server starting on port 12353",0.00,0.00,3.38,-1.00,1
"2025-02-11 22:46:10","INFO","Server","Startup","Listening on port 12353 with maxThreads=10",0.00,21.74,4.84,-1.00,1
"2025-02-11 22:46:12","INFO","Server","Connection","Accepted client connection.",0.00,2.33,4.92,-1.00,1
"2025-02-11 22:46:12","NETWORK","Server","Connection","Handling an incoming client socket...",0.00,0.00,5.39,-1.00,1
"2025-02-11 22:46:12","SUCCESS","Server","Connection","Server Connection established with client.",0.00,13.33,5.39,-1.00,1
"2025-02-11 22:46:12","SUCCESS","CoreOperations","handleUploadSingleFile","File uploaded: /mnt/c/Users/Lawee/OneDrive/Documents/GitHub/ComFaaS_WIP/server/Output/file_to_delete.dat",0.00,3.33,5.85,5120.00,2
"2025-02-11 22:46:12","INFO","Server","manageRequests","Client sent 'done'. Exiting request management.",0.00,0.00,5.85,-1.00,2
"2025-02-11 22:46:12","SUCCESS","Server","RequestHandling","Request handled successfully.",0.00,0.00,5.85,-1.00,2
"2025-02-11 22:46:12","NETWORK","CoreOperations","close","Closing socket connections...",0.00,22.22,5.94,-1.00,2
"2025-02-11 22:46:12","NETWORK","CoreOperations","close","Socket connections closed successfully.",0.00,10.00,6.41,-1.00,2
"2025-02-11 22:46:13","INFO","Server","Connection","Accepted client connection.",0.00,2.25,6.41,-1.00,2
"2025-02-11 22:46:13","NETWORK","Server","Connection","Handling an incoming client socket...",0.00,33.33,6.90,-1.00,2
"2025-02-11 22:46:13","SUCCESS","Server","Connection","Server Connection established with client.",0.00,0.00,6.90,-1.00,2
"2025-02-11 22:46:13","INFO","CoreOperations","handleListFiles","File listing sent for directory: /mnt/c/Users/Lawee/OneDrive/Documents/GitHub/ComFaaS_WIP/server/Output",0.00,20.83,7.39,-1.00,3
"2025-02-11 22:46:13","NETWORK","CoreOperations","close","Closing socket connections...",0.00,10.00,7.39,-1.00,3
"2025-02-11 22:46:13","NETWORK","CoreOperations","close","Socket connections closed successfully.",0.00,11.11,7.39,-1.00,3
"2025-02-11 22:46:15","INFO","Server","Connection","Accepted client connection.",0.00,1.65,7.39,-1.00,3
"2025-02-11 22:46:15","NETWORK","Server","Connection","Handling an incoming client socket...",0.00,5.88,7.87,-1.00,3
"2025-02-11 22:46:15","SUCCESS","Server","Connection","Server Connection established with client.",0.00,0.00,7.87,-1.00,3
"2025-02-11 22:46:15","SUCCESS","CoreOperations","handleDeleteSingleFile","File deleted: /mnt/c/Users/Lawee/OneDrive/Documents/GitHub/ComFaaS_WIP/server/Output/file_to_delete.dat",0.00,8.33,8.41,-1.00,4
"2025-02-11 22:46:15","INFO","Server","manageRequests","Client sent 'done'. Exiting request management.",0.00,18.18,8.41,-1.00,4
"2025-02-11 22:46:15","SUCCESS","Server","RequestHandling","Request handled successfully.",0.00,25.00,8.41,-1.00,4
"2025-02-11 22:46:15","NETWORK","CoreOperations","close","Closing socket connections...",0.00,50.00,8.41,-1.00,4
"2025-02-11 22:46:15","NETWORK","CoreOperations","close","Socket connections closed successfully.",0.00,9.09,8.87,-1.00,4
"2025-02-11 22:46:16","INFO","Server","Connection","Accepted client connection.",0.00,10.73,8.87,-1.00,4
"2025-02-11 22:46:16","NETWORK","Server","Connection","Handling an incoming client socket...",0.00,42.86,8.87,-1.00,4
"2025-02-11 22:46:16","SUCCESS","Server","Connection","Server Connection established with client.",0.00,0.00,9.41,-1.00,4
"2025-02-11 22:46:16","INFO","CoreOperations","handleListFiles","File listing sent for directory: /mnt/c/Users/Lawee/OneDrive/Documents/GitHub/ComFaaS_WIP/server/Output",0.00,21.74,9.87,-1.00,5
"2025-02-11 22:46:16","NETWORK","CoreOperations","close","Closing socket connections...",0.00,20.00,9.87,-1.00,5
"2025-02-11 22:46:16","NETWORK","CoreOperations","close","Socket connections closed successfully.",0.00,40.00,9.87,-1.00,5
"2025-02-11 22:46:16","INFO","Server","Connection","Accepted client connection.",0.00,9.56,9.87,-1.00,5
"2025-02-11 22:46:16","NETWORK","Server","Connection","Handling an incoming client socket...",0.00,0.00,9.87,-1.00,5
"2025-02-11 22:46:16","SUCCESS","Server","Connection","Server Connection established with client.",0.00,0.00,9.87,-1.00,5
"2025-02-11 22:46:16","INFO","CoreOperations","handleUploadFolder","Uploading 4 file(s) to folder: /mnt/c/Users/Lawee/OneDrive/Documents/GitHub/ComFaaS_WIP/server/Output",0.00,11.11,10.38,-1.00,6
"2025-02-11 22:46:16","SUCCESS","CoreOperations","handleUploadFolder","Uploaded file: /mnt/c/Users/Lawee/OneDrive/Documents/GitHub/ComFaaS_WIP/server/Output/text - Copy (2).txt",0.00,17.65,10.38,0.00,6
"2025-02-11 22:46:16","SUCCESS","CoreOperations","handleUploadFolder","Uploaded file: /mnt/c/Users/Lawee/OneDrive/Documents/GitHub/ComFaaS_WIP/server/Output/text - Copy (3).txt",0.00,16.67,10.38,0.00,6
"2025-02-11 22:46:16","SUCCESS","CoreOperations","handleUploadFolder","Uploaded file: /mnt/c/Users/Lawee/OneDrive/Documents/GitHub/ComFaaS_WIP/server/Output/text - Copy.txt",0.00,0.00,10.86,0.00,6
"2025-02-11 22:46:16","SUCCESS","CoreOperations","handleUploadFolder","Uploaded file: /mnt/c/Users/Lawee/OneDrive/Documents/GitHub/ComFaaS_WIP/server/Output/text.txt",0.00,1.96,10.86,0.00,6
"2025-02-11 22:46:16","INFO","Server","manageRequests","Client sent 'done'. Exiting request management.",0.00,5.00,10.86,-1.00,6
"2025-02-11 22:46:16","SUCCESS","Server","RequestHandling","Request handled successfully.",0.00,26.32,10.94,-1.00,6
"2025-02-11 22:46:16","NETWORK","CoreOperations","close","Closing socket connections...",0.00,40.00,11.41,-1.00,6
"2025-02-11 22:46:16","NETWORK","CoreOperations","close","Socket connections closed successfully.",0.00,0.00,11.41,-1.00,6
"2025-02-11 22:46:17","INFO","Server","Connection","Accepted client connection.",0.00,13.11,11.88,-1.00,6
"2025-02-11 22:46:17","NETWORK","Server","Connection","Handling an incoming client socket...",0.00,0.00,11.88,-1.00,6
"2025-02-11 22:46:17","SUCCESS","Server","Connection","Server Connection established with client.",0.00,0.00,11.88,-1.00,6
"2025-02-11 22:46:17","NETWORK","CoreOperations","close","Closing socket connections...",0.00,5.56,12.39,-1.00,7
"2025-02-11 22:46:17","NETWORK","CoreOperations","close","Socket connections closed successfully.",0.00,0.00,12.39,-1.00,7
"2025-02-11 22:46:17","INFO","Server","Connection","Accepted client connection.",0.00,11.67,12.87,-1.00,7
"2025-02-11 22:46:17","NETWORK","Server","Connection","Handling an incoming client socket...",0.00,0.00,12.87,-1.00,7
"2025-02-11 22:46:17","SUCCESS","Server","Connection","Server Connection established with client.",0.00,0.00,12.87,-1.00,7
"2025-02-11 22:46:17","NETWORK","CoreOperations","close","Closing socket connections...",0.00,0.00,13.41,-1.00,8
"2025-02-11 22:46:17","NETWORK","CoreOperations","close","Socket connections closed successfully.",0.00,0.00,13.41,-1.00,8
"2025-02-11 22:46:27","INFO","Server","Connection","Accepted client connection.",0.00,0.42,13.41,-1.00,8
"2025-02-11 22:46:27","NETWORK","Server","Connection","Handling an incoming client socket...",0.00,12.50,13.87,-1.00,8
"2025-02-11 22:46:27","SUCCESS","Server","Connection","Server Connection established with client.",0.00,0.00,13.87,-1.00,8
"2025-02-11 22:46:27","SUCCESS","CoreOperations","handleUploadSingleFile","File uploaded: /mnt/c/Users/Lawee/OneDrive/Documents/GitHub/ComFaaS_WIP/server/Programs/BigSummation.py",0.00,4.17,14.40,739.00,9
"2025-02-11 22:46:27","INFO","Server","manageRequests","Client sent 'done'. Exiting request management.",0.00,0.00,14.40,-1.00,9
"2025-02-11 22:46:27","SUCCESS","Server","RequestHandling","Request handled successfully.",0.00,0.00,14.40,-1.00,9
"2025-02-11 22:46:27","NETWORK","CoreOperations","close","Closing socket connections...",0.00,12.50,14.40,-1.00,9
"2025-02-11 22:46:27","NETWORK","CoreOperations","close","Socket connections closed successfully.",0.00,0.00,14.87,-1.00,9
"2025-02-11 22:46:38","INFO","Server","Connection","Accepted client connection.",0.00,0.38,14.87,-1.00,9
"2025-02-11 22:46:38","NETWORK","Server","Connection","Handling an incoming client socket...",0.00,11.54,15.39,-1.00,9
"2025-02-11 22:46:38","SUCCESS","Server","Connection","Server Connection established with client.",0.00,10.71,15.39,-1.00,9
"2025-02-11 22:46:39","INFO","Server","manageRequests","Client sent 'done'. Exiting request management.",0.00,9.10,16.40,-1.00,10
"2025-02-11 22:46:39","SUCCESS","Server","RequestHandling","Request handled successfully.",0.00,14.29,16.40,-1.00,10
"2025-02-11 22:46:39","NETWORK","CoreOperations","close","Closing socket connections...",0.00,30.77,16.40,-1.00,10
"2025-02-11 22:46:39","NETWORK","CoreOperations","close","Socket connections closed successfully.",0.00,0.00,16.40,-1.00,10
"2025-02-11 22:46:43","INFO","Server","Connection","Accepted client connection.",0.00,2.30,16.40,-1.00,10
"2025-02-11 22:46:43","NETWORK","Server","Connection","Handling an incoming client socket...",0.00,0.00,16.40,-1.00,10
"2025-02-11 22:46:43","SUCCESS","Server","Connection","Server Connection established with client.",0.00,3.33,16.87,-1.00,10
"2025-02-11 22:46:43","SUCCESS","CoreOperations","handleDownloadSingleFile","File downloaded: /mnt/c/Users/Lawee/OneDrive/Documents/GitHub/ComFaaS_WIP/server/Output/BigSummation.txt",0.00,7.14,17.41,46.00,11
"2025-02-11 22:46:43","INFO","Server","manageRequests","Client sent 'done'. Exiting request management.",0.00,0.00,17.41,-1.00,11
"2025-02-11 22:46:43","SUCCESS","Server","RequestHandling","Request handled successfully.",0.00,10.00,17.41,-1.00,11
"2025-02-11 22:46:43","NETWORK","CoreOperations","close","Closing socket connections...",0.00,20.00,17.41,-1.00,11
"2025-02-11 22:46:43","NETWORK","CoreOperations","close","Socket connections closed successfully.",0.00,11.11,17.87,-1.00,11
